1, Georgine Hild, Georgine@Hild.com
2, Murray Mean, Murray@Mean.com
3, Eldridge Tagg, Eldridge@Tagg.com
4, Valentine Mcinerney, Valentine@Mcinerney.com
5, Walker Parkes, Walker@Parkes.com
6, Dimple Rounds, Dimple@Rounds.com
7, Dora Delmonte, Dora@Delmonte.com
8, Shemeka Patterson, Shemeka@Patterson.com
9, Wanetta Bruggeman, Wanetta@Bruggeman.com
10, Jasmin Wortham, Jasmin@Wortham.com
11, Hazel Zemke, Hazel@Zemke.com
12, Shaun Guynn, Shaun@Guynn.com
13, Jacqulyn Vinson, Jacqulyn@Vinson.com
14, Rosio Saulsbury, Rosio@Saulsbury.com
15, Ellyn Archibald, Ellyn@Archibald.com
16, Yuki Mastronardi, Yuki@Mastronardi.com
17, Johnny Arellano, Johnny@Arellano.com
18, Irwin Islas, Irwin@Islas.com
19, Juliann Caggiano, Juliann@Caggiano.com
20, Lamonica Mines, Lamonica@Mines.com
21, Sachiko Scarbrough, Sachiko@Scarbrough.com
22, Carin Dolce, Carin@Dolce.com
23, Nicola Jarnagin, Nicola@Jarnagin.com
24, Jeromy Vigil, Jeromy@Vigil.com
25, Denis Dentler, Denis@Dentler.com
26, Mikel Lillard, Mikel@Lillard.com
27, Chanda Brigance, Chanda@Brigance.com
28, Torrie Bhakta, Torrie@Bhakta.com
29, Meredith Boyden, Meredith@Boyden.com
30, Mickey Fennel, Mickey@Fennel.com
31, Parker Vanlandingham, Parker@Vanlandingham.com
32, Myrl Wilbanks, Myrl@Wilbanks.com
33, Nova Burriss, Nova@Burriss.com
34, Georgene Vossler, Georgene@Vossler.com
35, Kristin Hy, Kristin@Hy.com
36, Kiesha Wronski, Kiesha@Wronski.com
37, Bao Melchor, Bao@Melchor.com
38, Porsche Aronowitz, Porsche@Aronowitz.com
39, Lazaro Curto, Lazaro@Curto.com
40, Sung Mariano, Sung@Mariano.com
41, Maryellen Isham, Maryellen@Isham.com
42, Carley Christman, Carley@Christman.com
43, Delora Jeppesen, Delora@Jeppesen.com
44, Elden Bundick, Elden@Bundick.com
45, Ezekiel Dyke, Ezekiel@Dyke.com
46, Chanel Olivarez, Chanel@Olivarez.com
47, Marybeth Rojero, Marybeth@Rojero.com
48, Charla Hyman, Charla@Hyman.com
49, Mellie Trujillo, Mellie@Trujillo.com
50, Meda Crystal, Meda@Crystal.com
51, Cindie Collington, Cindie@Collington.com
52, Ines Mccullah, Ines@Mccullah.com
53, Curt Delisle, Curt@Delisle.com
54, Odette Mcgaha, Odette@Mcgaha.com
55, Yulanda Jacobson, Yulanda@Jacobson.com
56, Nisha Carrel, Nisha@Carrel.com
57, Noma Rathke, Noma@Rathke.com
58, Chanell Suttles, Chanell@Suttles.com
59, Cherry Mable, Cherry@Mable.com
60, Michelina Henrickson, Michelina@Henrickson.com
61, Eliza Tarin, Eliza@Tarin.com
62, Treva Borton, Treva@Borton.com
63, Roseline Slape, Roseline@Slape.com
64, Lang Bacote, Lang@Bacote.com
65, Isidro Linney, Isidro@Linney.com
66, Brigid Sasser, Brigid@Sasser.com
67, Cristy Jansen, Cristy@Jansen.com
68, Joella Kowalczyk, Joella@Kowalczyk.com
69, Kimberli Nakayama, Kimberli@Nakayama.com
70, Cathern Policastro, Cathern@Policastro.com
71, Therese Niehaus, Therese@Niehaus.com
72, Marianne Philpott, Marianne@Philpott.com
73, Consuelo Atha, Consuelo@Atha.com
74, Lilia Rhoads, Lilia@Rhoads.com
75, Gwyn Batman, Gwyn@Batman.com
76, Sueann Banker, Sueann@Banker.com
77, Lourdes Cafferty, Lourdes@Cafferty.com
78, Keenan Davy, Keenan@Davy.com
79, Ruben Walson, Ruben@Walson.com
80, Ahmad Mccloskey, Ahmad@Mccloskey.com
81, Meggan Mantle, Meggan@Mantle.com
82, Raleigh Bachus, Raleigh@Bachus.com
83, Dane Reames, Dane@Reames.com
84, Josue Jacquet, Josue@Jacquet.com
85, Romeo Creager, Romeo@Creager.com
86, Scarlet Witek, Scarlet@Witek.com
87, Evelia Cardinal, Evelia@Cardinal.com
88, Jeanne Woodhouse, Jeanne@Woodhouse.com
89, Zulma Dahlgren, Zulma@Dahlgren.com
90, Willette Coulson, Willette@Coulson.com
91, Malorie Purdue, Malorie@Purdue.com
92, Mohammad Talmage, Mohammad@Talmage.com
93, Keri Fearon, Keri@Fearon.com
94, Elvis Cote, Elvis@Cote.com
95, Jane Cockrum, Jane@Cockrum.com
96, Ray Natoli, Ray@Natoli.com
97, Ming Rising, Ming@Rising.com
98, Coleman Kist, Coleman@Kist.com
99, Jacquie Hoerr, Jacquie@Hoerr.com
100, Derrick Lowrance, Derrick@Lowrance.com
101, Shaun Guynn, Shaun@-DrekGuynn.com
102, Consuelo Fearon, Consuelo@Atha.com
103, Hazel Zemke, Hazel@Zemke.com
104, Hazel Zemke, Hazel@Zemke.com
105, Jane Cockrum, Jane@Cockrum.com
106, Jane Cockrum, Jane@Cockrum.com
107, Jane Cockrum, Jane@Cockrum.com